node,importance
0xaaaa000000000000000000000000000000000001,0.150000
0xcccc000000000000000000000000000000000001,0.085000
0xaaaa000000000000000000000000000000000002,0.072000
0xbbbb000000000000000000000000000000000001,0.031000
0xcccc000000000000000000000000000000000002,0.024000
0xaaaa000000000000000000000000000000000003,0.018000
0xbbbb000000000000000000000000000000000002,0.012000
