node,importance
0xaaaa000000000000000000000000000000000002,0.140000
0xcccc000000000000000000000000000000000002,0.090000
0xaaaa000000000000000000000000000000000001,0.065000
0xaaaa000000000000000000000000000000000003,0.040000
0xbbbb000000000000000000000000000000000002,0.022000
0xcccc000000000000000000000000000000000001,0.015000
